-- SQLite Database Dump
-- Generated on 2025-08-11 23:00:17

CREATE TABLE "migrations" ("id" integer primary key autoincrement not null, "migration" varchar not null, "batch" integer not null);

INSERT INTO `migrations` (`id`, `migration`, `batch`) VALUES ('1', '0001_01_01_000000_create_users_table', '1');
INSERT INTO `migrations` (`id`, `migration`, `batch`) VALUES ('2', '0001_01_01_000001_create_cache_table', '1');
INSERT INTO `migrations` (`id`, `migration`, `batch`) VALUES ('3', '0001_01_01_000002_create_jobs_table', '1');
INSERT INTO `migrations` (`id`, `migration`, `batch`) VALUES ('4', '2024_01_01_000001_create_chats_table', '1');
INSERT INTO `migrations` (`id`, `migration`, `batch`) VALUES ('5', '2024_01_01_000002_create_messages_table', '1');
INSERT INTO `migrations` (`id`, `migration`, `batch`) VALUES ('6', '2025_08_07_220024_create_customer_columns', '1');
INSERT INTO `migrations` (`id`, `migration`, `batch`) VALUES ('7', '2025_08_07_220025_create_subscriptions_table', '1');
INSERT INTO `migrations` (`id`, `migration`, `batch`) VALUES ('8', '2025_08_07_220026_create_subscription_items_table', '1');
INSERT INTO `migrations` (`id`, `migration`, `batch`) VALUES ('9', '2025_08_07_220308_add_stripe_customer_id_to_users_table', '1');
INSERT INTO `migrations` (`id`, `migration`, `batch`) VALUES ('10', '2025_08_07_220406_create_invoices_table', '1');
INSERT INTO `migrations` (`id`, `migration`, `batch`) VALUES ('11', '2025_08_07_220512_modify_subscriptions_table_for_stripe_integration', '1');
INSERT INTO `migrations` (`id`, `migration`, `batch`) VALUES ('12', '2025_08_07_220538_modify_subscription_items_table_for_stripe_integration', '1');
INSERT INTO `migrations` (`id`, `migration`, `batch`) VALUES ('13', '2025_08_07_220656_cleanup_users_stripe_columns', '1');
INSERT INTO `migrations` (`id`, `migration`, `batch`) VALUES ('14', '2025_08_08_051915_create_personal_access_tokens_table', '2');
INSERT INTO `migrations` (`id`, `migration`, `batch`) VALUES ('16', '2025_08_08_082958_create_usage_records_table', '3');
INSERT INTO `migrations` (`id`, `migration`, `batch`) VALUES ('17', '2025_08_09_155937_create_streaming_sessions_table', '4');
INSERT INTO `migrations` (`id`, `migration`, `batch`) VALUES ('18', '2025_08_09_160002_add_streaming_fields_to_messages_table', '4');

CREATE TABLE "users" ("id" integer primary key autoincrement not null, "name" varchar not null, "email" varchar not null, "email_verified_at" datetime, "password" varchar not null, "remember_token" varchar, "created_at" datetime, "updated_at" datetime, "stripe_customer_id" varchar, "pm_type" varchar, "pm_last_four" varchar, "trial_ends_at" datetime, "stripe_id" varchar);

INSERT INTO `users` (`id`, `name`, `email`, `email_verified_at`, `password`, `remember_token`, `created_at`, `updated_at`, `stripe_customer_id`, `pm_type`, `pm_last_four`, `trial_ends_at`, `stripe_id`) VALUES ('1', 'Kasim Abubakar Jajere', 'alkasima@gmail.com', NULL, '$2y$12$FwsCmOibxjCrXBZHzasJD.iwRCOlwPyiXtFpZcsRpXKlAEHcps4cG', NULL, '2025-08-08 06:11:13', '2025-08-09 14:44:22', NULL, NULL, NULL, NULL, 'cus_SptoIDlG08ZgOZ');

CREATE TABLE "password_reset_tokens" ("email" varchar not null, "token" varchar not null, "created_at" datetime, primary key ("email"));

CREATE TABLE "sessions" ("id" varchar not null, "user_id" integer, "ip_address" varchar, "user_agent" text, "payload" text not null, "last_activity" integer not null, primary key ("id"));

INSERT INTO `sessions` (`id`, `user_id`, `ip_address`, `user_agent`, `payload`, `last_activity`) VALUES ('VXXGAaNeONbdM0JqK9pe61BPqHLnVk3JZR9gJuLC', '1', '127.0.0.1', 'Mozilla/5.0 (Windows NT 10.0; Win64; x64) AppleWebKit/537.36 (KHTML, like Gecko) Chrome/139.0.0.0 Safari/537.36 Edg/139.0.0.0', 'YTo0OntzOjY6Il90b2tlbiI7czo0MDoiV0VWWnNyRURNRzhoc1RGaEdhakVrdGlFUngwVHFlNzd6Z1k2UG1tdyI7czo5OiJfcHJldmlvdXMiO2E6MTp7czozOiJ1cmwiO3M6MzE6Imh0dHA6Ly8xMjcuMC4wLjE6ODAwMC9kYXNoYm9hcmQiO31zOjY6Il9mbGFzaCI7YToyOntzOjM6Im9sZCI7YTowOnt9czozOiJuZXciO2E6MDp7fX1zOjUwOiJsb2dpbl93ZWJfNTliYTM2YWRkYzJiMmY5NDAxNTgwZjAxNGM3ZjU4ZWE0ZTMwOTg5ZCI7aToxO30=', '1754952160');

CREATE TABLE "cache" ("key" varchar not null, "value" text not null, "expiration" integer not null, primary key ("key"));

INSERT INTO `cache` (`key`, `value`, `expiration`) VALUES ('laravel_cache_usage:1:chat_messages:2025-08', 'i:6;', '1756684800');

CREATE TABLE "cache_locks" ("key" varchar not null, "owner" varchar not null, "expiration" integer not null, primary key ("key"));

CREATE TABLE "jobs" ("id" integer primary key autoincrement not null, "queue" varchar not null, "payload" text not null, "attempts" integer not null, "reserved_at" integer, "available_at" integer not null, "created_at" integer not null);

CREATE TABLE "job_batches" ("id" varchar not null, "name" varchar not null, "total_jobs" integer not null, "pending_jobs" integer not null, "failed_jobs" integer not null, "failed_job_ids" text not null, "options" text, "cancelled_at" integer, "created_at" integer not null, "finished_at" integer, primary key ("id"));

CREATE TABLE "failed_jobs" ("id" integer primary key autoincrement not null, "uuid" varchar not null, "connection" text not null, "queue" text not null, "payload" text not null, "exception" text not null, "failed_at" datetime not null default CURRENT_TIMESTAMP);

CREATE TABLE "chats" ("id" integer primary key autoincrement not null, "user_id" integer not null, "title" varchar, "last_message_at" datetime, "created_at" datetime, "updated_at" datetime, foreign key("user_id") references "users"("id") on delete cascade);

INSERT INTO `chats` (`id`, `user_id`, `title`, `last_message_at`, `created_at`, `updated_at`) VALUES ('1', '1', 'How to prepare civil exam', '2025-08-09 16:09:07', '2025-08-09 15:45:27', '2025-08-09 16:09:07');
INSERT INTO `chats` (`id`, `user_id`, `title`, `last_message_at`, `created_at`, `updated_at`) VALUES ('2', '1', NULL, '2025-08-10 08:22:08', '2025-08-10 08:22:08', '2025-08-10 08:22:08');
INSERT INTO `chats` (`id`, `user_id`, `title`, `last_message_at`, `created_at`, `updated_at`) VALUES ('5', '1', NULL, '2025-08-10 08:28:18', '2025-08-10 08:28:18', '2025-08-10 08:28:18');
INSERT INTO `chats` (`id`, `user_id`, `title`, `last_message_at`, `created_at`, `updated_at`) VALUES ('6', '1', NULL, '2025-08-10 08:33:20', '2025-08-10 08:33:20', '2025-08-10 08:33:20');
INSERT INTO `chats` (`id`, `user_id`, `title`, `last_message_at`, `created_at`, `updated_at`) VALUES ('7', '1', NULL, '2025-08-10 09:49:12', '2025-08-10 09:49:12', '2025-08-10 09:49:12');
INSERT INTO `chats` (`id`, `user_id`, `title`, `last_message_at`, `created_at`, `updated_at`) VALUES ('8', '1', NULL, '2025-08-10 09:57:54', '2025-08-10 09:57:54', '2025-08-10 09:57:54');
INSERT INTO `chats` (`id`, `user_id`, `title`, `last_message_at`, `created_at`, `updated_at`) VALUES ('9', '1', NULL, '2025-08-10 10:00:58', '2025-08-10 10:00:58', '2025-08-10 10:00:58');
INSERT INTO `chats` (`id`, `user_id`, `title`, `last_message_at`, `created_at`, `updated_at`) VALUES ('10', '1', NULL, '2025-08-10 10:01:17', '2025-08-10 10:01:17', '2025-08-10 10:01:17');
INSERT INTO `chats` (`id`, `user_id`, `title`, `last_message_at`, `created_at`, `updated_at`) VALUES ('12', '1', NULL, '2025-08-10 10:31:28', '2025-08-10 10:31:28', '2025-08-10 10:31:28');
INSERT INTO `chats` (`id`, `user_id`, `title`, `last_message_at`, `created_at`, `updated_at`) VALUES ('13', '1', NULL, '2025-08-10 10:33:54', '2025-08-10 10:33:54', '2025-08-10 10:33:54');
INSERT INTO `chats` (`id`, `user_id`, `title`, `last_message_at`, `created_at`, `updated_at`) VALUES ('14', '1', NULL, '2025-08-10 10:40:50', '2025-08-10 10:40:50', '2025-08-10 10:40:50');
INSERT INTO `chats` (`id`, `user_id`, `title`, `last_message_at`, `created_at`, `updated_at`) VALUES ('15', '1', NULL, '2025-08-10 11:06:52', '2025-08-10 11:06:52', '2025-08-10 11:06:52');
INSERT INTO `chats` (`id`, `user_id`, `title`, `last_message_at`, `created_at`, `updated_at`) VALUES ('16', '1', NULL, '2025-08-10 11:11:52', '2025-08-10 11:11:52', '2025-08-10 11:11:52');
INSERT INTO `chats` (`id`, `user_id`, `title`, `last_message_at`, `created_at`, `updated_at`) VALUES ('17', '1', NULL, '2025-08-10 11:20:13', '2025-08-10 11:20:13', '2025-08-10 11:20:13');
INSERT INTO `chats` (`id`, `user_id`, `title`, `last_message_at`, `created_at`, `updated_at`) VALUES ('18', '1', NULL, '2025-08-10 11:59:00', '2025-08-10 11:59:00', '2025-08-10 11:59:00');
INSERT INTO `chats` (`id`, `user_id`, `title`, `last_message_at`, `created_at`, `updated_at`) VALUES ('19', '1', NULL, '2025-08-11 12:56:21', '2025-08-11 12:56:21', '2025-08-11 12:56:21');
INSERT INTO `chats` (`id`, `user_id`, `title`, `last_message_at`, `created_at`, `updated_at`) VALUES ('20', '1', NULL, '2025-08-11 13:25:04', '2025-08-11 13:25:04', '2025-08-11 13:25:04');
INSERT INTO `chats` (`id`, `user_id`, `title`, `last_message_at`, `created_at`, `updated_at`) VALUES ('21', '1', NULL, '2025-08-11 13:34:11', '2025-08-11 13:34:11', '2025-08-11 13:34:11');

CREATE TABLE "subscriptions" ("id" integer primary key autoincrement not null, "user_id" integer not null, "stripe_subscription_id" varchar not null, "status" varchar not null, "stripe_price_id" varchar, "created_at" datetime, "updated_at" datetime, "stripe_customer_id" varchar not null, "current_period_start" datetime, "current_period_end" datetime, "trial_start" datetime, "trial_end" datetime, "cancel_at_period_end" tinyint(1) not null default '0', "canceled_at" datetime);

CREATE TABLE "invoices" ("id" integer primary key autoincrement not null, "user_id" integer not null, "subscription_id" integer, "stripe_invoice_id" varchar not null, "amount_paid" integer not null, "currency" varchar not null default 'usd', "status" varchar not null, "invoice_pdf" varchar, "hosted_invoice_url" varchar, "created_at" datetime, "updated_at" datetime, foreign key("user_id") references "users"("id") on delete cascade, foreign key("subscription_id") references "subscriptions"("id") on delete set null);

CREATE TABLE "subscription_items" ("id" integer primary key autoincrement not null, "subscription_id" integer not null, "stripe_subscription_item_id" varchar not null, "stripe_price_id" varchar not null, "quantity" integer not null default '1', "created_at" datetime, "updated_at" datetime);

CREATE TABLE "personal_access_tokens" ("id" integer primary key autoincrement not null, "tokenable_type" varchar not null, "tokenable_id" integer not null, "name" text not null, "token" varchar not null, "abilities" text, "last_used_at" datetime, "expires_at" datetime, "created_at" datetime, "updated_at" datetime);

CREATE TABLE "usage_records" ("id" integer primary key autoincrement not null, "user_id" integer not null, "feature" varchar not null, "date" date not null, "count" integer not null default '0', "created_at" datetime, "updated_at" datetime, foreign key("user_id") references "users"("id") on delete cascade);

CREATE TABLE "streaming_sessions" ("id" varchar not null, "chat_id" integer not null, "user_id" integer not null, "status" varchar check ("status" in ('active', 'completed', 'stopped', 'error')) not null default 'active', "content_buffer" text, "metadata" text, "started_at" datetime not null default CURRENT_TIMESTAMP, "completed_at" datetime, "created_at" datetime, "updated_at" datetime, foreign key("chat_id") references "chats"("id") on delete cascade, foreign key("user_id") references "users"("id") on delete cascade, primary key ("id"));

INSERT INTO `streaming_sessions` (`id`, `chat_id`, `user_id`, `status`, `content_buffer`, `metadata`, `started_at`, `completed_at`, `created_at`, `updated_at`) VALUES ('01988f93-c00f-7309-b810-9f8b9cc8af65', '1', '1', 'completed', 'Hello, this is a test streaming session', '{"test":true}', '2025-08-09 16:04:41', '2025-08-09 16:04:41', '2025-08-09 16:04:41', '2025-08-09 16:04:41');
INSERT INTO `streaming_sessions` (`id`, `chat_id`, `user_id`, `status`, `content_buffer`, `metadata`, `started_at`, `completed_at`, `created_at`, `updated_at`) VALUES ('594c3344-25a1-4778-a59c-355a96206a43', '2', '1', 'completed', '', '"{\"user_message_id\":6,\"started_at\":\"2025-08-10T08:22:08.611854Z\",\"message_id\":7,\"completed_at\":\"2025-08-10T08:22:15.570042Z\",\"final_content_length\":0}"', '2025-08-10 08:22:08', '2025-08-10 08:22:15', '2025-08-10 08:22:08', '2025-08-10 08:22:15');
INSERT INTO `streaming_sessions` (`id`, `chat_id`, `user_id`, `status`, `content_buffer`, `metadata`, `started_at`, `completed_at`, `created_at`, `updated_at`) VALUES ('d583d508-e807-4222-bba4-7bf4ce163a96', '2', '1', 'completed', '', '"{\"user_message_id\":8,\"started_at\":\"2025-08-10T08:22:57.636644Z\",\"message_id\":9,\"completed_at\":\"2025-08-10T08:22:59.058211Z\",\"final_content_length\":0}"', '2025-08-10 08:22:57', '2025-08-10 08:22:59', '2025-08-10 08:22:57', '2025-08-10 08:22:59');
INSERT INTO `streaming_sessions` (`id`, `chat_id`, `user_id`, `status`, `content_buffer`, `metadata`, `started_at`, `completed_at`, `created_at`, `updated_at`) VALUES ('e62378d7-bd4d-4e1a-ae8a-f4375027b4a8', '5', '1', 'completed', '', '"{\"user_message_id\":14,\"started_at\":\"2025-08-10T08:28:18.455051Z\",\"message_id\":15,\"completed_at\":\"2025-08-10T08:28:25.717675Z\",\"final_content_length\":0}"', '2025-08-10 08:28:18', '2025-08-10 08:28:25', '2025-08-10 08:28:18', '2025-08-10 08:28:25');
INSERT INTO `streaming_sessions` (`id`, `chat_id`, `user_id`, `status`, `content_buffer`, `metadata`, `started_at`, `completed_at`, `created_at`, `updated_at`) VALUES ('53f8474f-7de3-42a5-a45b-8ca735d5a28b', '5', '1', 'completed', '', '"{\"user_message_id\":16,\"started_at\":\"2025-08-10T08:29:02.784987Z\",\"message_id\":17,\"completed_at\":\"2025-08-10T08:29:04.427692Z\",\"final_content_length\":0}"', '2025-08-10 08:29:02', '2025-08-10 08:29:04', '2025-08-10 08:29:02', '2025-08-10 08:29:04');
INSERT INTO `streaming_sessions` (`id`, `chat_id`, `user_id`, `status`, `content_buffer`, `metadata`, `started_at`, `completed_at`, `created_at`, `updated_at`) VALUES ('e6e0017e-1847-4fe7-a244-604a31be5cd5', '6', '1', 'completed', 'I apologize, but I''m having trouble connecting to my AI service right now. Here''s a helpful response: Based on your message about ''hi'', I can help you with various topics. Please try again in a moment, or feel free to ask me anything else!', '"{\"user_message_id\":18,\"started_at\":\"2025-08-10T08:33:20.420905Z\",\"message_id\":19,\"completed_at\":\"2025-08-10T08:33:28.439191Z\",\"final_content_length\":239}"', '2025-08-10 08:33:20', '2025-08-10 08:33:28', '2025-08-10 08:33:20', '2025-08-10 08:33:28');
INSERT INTO `streaming_sessions` (`id`, `chat_id`, `user_id`, `status`, `content_buffer`, `metadata`, `started_at`, `completed_at`, `created_at`, `updated_at`) VALUES ('b73279e5-603c-4877-818a-5c415f3c8315', '6', '1', 'completed', '', '"{\"user_message_id\":20,\"started_at\":\"2025-08-10T08:33:39.520691Z\",\"message_id\":21,\"completed_at\":\"2025-08-10T08:33:42.721679Z\",\"final_content_length\":0}"', '2025-08-10 08:33:39', '2025-08-10 08:33:42', '2025-08-10 08:33:39', '2025-08-10 08:33:42');
INSERT INTO `streaming_sessions` (`id`, `chat_id`, `user_id`, `status`, `content_buffer`, `metadata`, `started_at`, `completed_at`, `created_at`, `updated_at`) VALUES ('ae75f201-dc88-48ed-860d-111eb97c14e3', '6', '1', 'completed', '', '"{\"user_message_id\":22,\"started_at\":\"2025-08-10T08:37:12.456262Z\",\"message_id\":23,\"completed_at\":\"2025-08-10T08:37:14.326321Z\",\"final_content_length\":0}"', '2025-08-10 08:37:12', '2025-08-10 08:37:14', '2025-08-10 08:37:12', '2025-08-10 08:37:14');
INSERT INTO `streaming_sessions` (`id`, `chat_id`, `user_id`, `status`, `content_buffer`, `metadata`, `started_at`, `completed_at`, `created_at`, `updated_at`) VALUES ('9c56dc8f-8212-4fe2-ab11-71e54fb9b3ad', '7', '1', 'completed', '', '"{\"user_message_id\":24,\"started_at\":\"2025-08-10T09:49:13.091779Z\",\"message_id\":25,\"completed_at\":\"2025-08-10T09:49:17.624300Z\",\"final_content_length\":0}"', '2025-08-10 09:49:13', '2025-08-10 09:49:17', '2025-08-10 09:49:13', '2025-08-10 09:49:17');
INSERT INTO `streaming_sessions` (`id`, `chat_id`, `user_id`, `status`, `content_buffer`, `metadata`, `started_at`, `completed_at`, `created_at`, `updated_at`) VALUES ('a8b8f9fd-cff1-4ab4-b056-541ab2ac59ab', '7', '1', 'completed', '', '"{\"user_message_id\":26,\"started_at\":\"2025-08-10T09:49:23.096316Z\",\"message_id\":27,\"completed_at\":\"2025-08-10T09:49:24.387636Z\",\"final_content_length\":0}"', '2025-08-10 09:49:23', '2025-08-10 09:49:24', '2025-08-10 09:49:23', '2025-08-10 09:49:24');
INSERT INTO `streaming_sessions` (`id`, `chat_id`, `user_id`, `status`, `content_buffer`, `metadata`, `started_at`, `completed_at`, `created_at`, `updated_at`) VALUES ('163b23a9-e8f6-40d0-857e-b078225da6c4', '8', '1', 'completed', '', '"{\"user_message_id\":28,\"started_at\":\"2025-08-10T09:57:55.088230Z\",\"message_id\":29,\"completed_at\":\"2025-08-10T09:57:59.215061Z\",\"final_content_length\":0}"', '2025-08-10 09:57:55', '2025-08-10 09:57:59', '2025-08-10 09:57:55', '2025-08-10 09:57:59');
INSERT INTO `streaming_sessions` (`id`, `chat_id`, `user_id`, `status`, `content_buffer`, `metadata`, `started_at`, `completed_at`, `created_at`, `updated_at`) VALUES ('d0b8ce2e-ceef-4e09-bafc-3f3bf5f8d39e', '9', '1', 'completed', '', '"{\"user_message_id\":30,\"started_at\":\"2025-08-10T10:00:59.240137Z\",\"message_id\":31,\"completed_at\":\"2025-08-10T10:01:01.006215Z\",\"final_content_length\":0}"', '2025-08-10 10:00:59', '2025-08-10 10:01:01', '2025-08-10 10:00:59', '2025-08-10 10:01:01');
INSERT INTO `streaming_sessions` (`id`, `chat_id`, `user_id`, `status`, `content_buffer`, `metadata`, `started_at`, `completed_at`, `created_at`, `updated_at`) VALUES ('e79b4b7e-9cae-45fe-8210-9742833f764d', '10', '1', 'completed', '', '"{\"user_message_id\":32,\"started_at\":\"2025-08-10T10:01:18.117272Z\",\"message_id\":33,\"completed_at\":\"2025-08-10T10:01:19.818878Z\",\"final_content_length\":0}"', '2025-08-10 10:01:18', '2025-08-10 10:01:19', '2025-08-10 10:01:18', '2025-08-10 10:01:19');
INSERT INTO `streaming_sessions` (`id`, `chat_id`, `user_id`, `status`, `content_buffer`, `metadata`, `started_at`, `completed_at`, `created_at`, `updated_at`) VALUES ('bd83189f-b294-4f54-8134-211f46a707b2', '12', '1', 'completed', 'I apologize, but I''m having trouble connecting to my AI service right now. Here''s a helpful response: Based on your message about ''How to start examp'', I can help you with various topics. Please try again in a moment, or feel free to ask me anything else!', '"{\"user_message_id\":40,\"started_at\":\"2025-08-10T10:31:28.896487Z\",\"message_id\":41,\"completed_at\":\"2025-08-10T10:31:38.701249Z\",\"final_content_length\":255}"', '2025-08-10 10:31:28', '2025-08-10 10:31:38', '2025-08-10 10:31:28', '2025-08-10 10:31:38');
INSERT INTO `streaming_sessions` (`id`, `chat_id`, `user_id`, `status`, `content_buffer`, `metadata`, `started_at`, `completed_at`, `created_at`, `updated_at`) VALUES ('23a904df-a60f-4bef-bc0d-200ee129da37', '13', '1', 'completed', 'Hi there! How can I help you today?
', '"{\"user_message_id\":42,\"started_at\":\"2025-08-10T10:33:54.504323Z\",\"message_id\":43,\"completed_at\":\"2025-08-10T10:33:56.506645Z\",\"final_content_length\":36}"', '2025-08-10 10:33:54', '2025-08-10 10:33:56', '2025-08-10 10:33:54', '2025-08-10 10:33:56');
INSERT INTO `streaming_sessions` (`id`, `chat_id`, `user_id`, `status`, `content_buffer`, `metadata`, `started_at`, `completed_at`, `created_at`, `updated_at`) VALUES ('35e9f617-45e6-4fc7-88f9-616b4dc77d93', '13', '1', 'completed', 'That depends entirely on the type of exam and the instructions given.  There''s no single answer.  However, here''s a breakdown of how to approach starting an exam effectively:

**Before the Exam Begins:**

* **Read the instructions carefully:** This is the most crucial step. Pay close attention to timing, point values, required materials, and any special instructions.  Don''t start until you fully understand what''s expected.
* **Gather your materials:** Make sure you have pens, pencils, erasers, calculator (if allowed), and any other necessary materials.
* **Plan your time:**  If you know the time allotted and the number of questions/sections, roughly estimate how much time you can spend on each.
* **Take a deep breath and relax:**  Anxiety can hinder performance.  Try some deep breathing exercises to calm your nerves.

**Starting the Exam:**

* **Preview the exam:** Quickly skim through the entire exam to get an overview of the questions and their difficulty. This helps you prioritize and allocate your time effectively.
* **Start with what you know best:** Build confidence by answering the easiest questions first. This also helps you manage time effectively.
* **Read each question thoroughly:** Don''t rush; make sure you understand what''s being asked before attempting to answer.
* **Show your work (if applicable):** Even if the answer is incorrect, showing your work can earn partial credit.
* **Manage your time:** Keep an eye on the clock and stay on schedule.  If you''re spending too much time on one question, move on and come back to it later if time permits.
* **Answer all questions:**  Even if you don''t know the answer, make an educated guess.  There''s often no penalty for incorrect answers on multiple-choice exams.  For essay questions, write something relevant, even if it''s incomplete.

**After the Exam:**

* **Review your answers (if time allows):** Check for any careless mistakes.
* **Hand in your exam:** Make sure you''ve answered all questions and followed all instructions before submitting.

Remember, preparation is key!  If you''ve studied effectively, you''ll be better equipped to handle the exam. Good luck!
', '"{\"user_message_id\":44,\"started_at\":\"2025-08-10T10:34:04.369176Z\",\"message_id\":45,\"completed_at\":\"2025-08-10T10:34:30.151272Z\",\"final_content_length\":2153}"', '2025-08-10 10:34:04', '2025-08-10 10:34:30', '2025-08-10 10:34:04', '2025-08-10 10:34:30');
INSERT INTO `streaming_sessions` (`id`, `chat_id`, `user_id`, `status`, `content_buffer`, `metadata`, `started_at`, `completed_at`, `created_at`, `updated_at`) VALUES ('d49dbe7d-6a13-477a-b11d-0bb893057ab7', '14', '1', 'completed', 'I apologize, but I''m having trouble connecting to my AI service right now. Here''s a helpful response: Based on your message about ''hi'', I can help you with various topics. Please try again in a moment, or feel free to ask me anything else!', '"{\"user_message_id\":46,\"started_at\":\"2025-08-10T10:40:50.811831Z\",\"message_id\":47,\"completed_at\":\"2025-08-10T10:41:03.186526Z\",\"final_content_length\":239}"', '2025-08-10 10:40:50', '2025-08-10 10:41:03', '2025-08-10 10:40:50', '2025-08-10 10:41:03');
INSERT INTO `streaming_sessions` (`id`, `chat_id`, `user_id`, `status`, `content_buffer`, `metadata`, `started_at`, `completed_at`, `created_at`, `updated_at`) VALUES ('0c0a0a16-a012-4c5f-b754-26f1febd9295', '15', '1', 'completed', 'Hi there! How can I help you today?
', '"{\"user_message_id\":48,\"started_at\":\"2025-08-10T11:06:53.061006Z\",\"message_id\":49,\"completed_at\":\"2025-08-10T11:06:55.395132Z\",\"final_content_length\":36}"', '2025-08-10 11:06:53', '2025-08-10 11:06:55', '2025-08-10 11:06:53', '2025-08-10 11:06:55');
INSERT INTO `streaming_sessions` (`id`, `chat_id`, `user_id`, `status`, `content_buffer`, `metadata`, `started_at`, `completed_at`, `created_at`, `updated_at`) VALUES ('b0feb3da-b83b-4f65-b562-69ed8d0644e5', '18', '1', 'completed', 'Preparing for an exam effectively involves a multi-faceted approach. Here''s a breakdown of how to prepare, encompassing different aspects and learning styles:

**I. Understanding the Exam:**

* **Know the format:**  Is it multiple choice, essay, problem-solving, oral, or a combination?  This dictates your study strategy.  Multiple-choice exams require rote memorization and understanding of concepts, while essays demand deeper understanding and analytical skills.
* **Know the content:**  Review the syllabus, lecture notes, assigned readings, and any study guides provided. Identify key topics and concepts that will be covered.  Pay close attention to any weighting given to different topics.
* **Past papers (if available):**  Practicing with past exams is invaluable. It familiarizes you with the question style, difficulty level, and time constraints.  Analyze your mistakes to pinpoint areas needing more attention.

**II. Creating a Study Plan:**

* **Timeline:** Create a realistic study schedule, breaking down the material into manageable chunks. Don''t cram!  Start early and spread your studying over several days or weeks.
* **Prioritize:** Focus on the most important topics first – those with the highest weighting or those you find most challenging.
* **Set realistic goals:**  Don''t try to do too much in one sitting.  Take regular breaks to avoid burnout.  The Pomodoro Technique (25 minutes of study followed by a 5-minute break) can be effective.
* **Active recall:**  Instead of passively rereading notes, actively test yourself. Use flashcards, practice questions, or teach the material to someone else.

**III. Effective Study Techniques:**

* **Note-taking:**  Develop a consistent note-taking system.  Use abbreviations, symbols, and visual aids to make your notes concise and easy to review.
* **Summarization:**  After each study session, summarize the key concepts in your own words. This forces you to actively process the information.
* **Spaced repetition:** Review material at increasing intervals. This strengthens memory retention.  Apps like Anki can help with this.
* **Different learning styles:**  Consider your learning style (visual, auditory, kinesthetic). Use methods that work best for you.  Visual learners might benefit from diagrams and mind maps, while auditory learners might prefer recording themselves reading notes.
* **Practice problems:**  For math or science exams, solving practice problems is crucial.  This helps identify areas where you need more practice.
* **Form study groups:**  Discussing concepts with others can help clarify misunderstandings and reinforce learning.

**IV. Exam Day Preparation:**

* **Get enough sleep:**  A well-rested mind performs better.
* **Eat a nutritious meal:**  Avoid sugary foods that can lead to an energy crash.
* **Bring necessary materials:**  Pens, pencils, calculator (if allowed), ID, etc.
* **Read instructions carefully:**  Understand the requirements of each question before you begin.
* **Manage your time:**  Allocate time for each section of the exam based on its weighting.
* **Stay calm:**  Take deep breaths if you feel overwhelmed.


**V.  Addressing Specific Challenges:**

* **Procrastination:** Break down tasks into smaller, less daunting steps.  Reward yourself for completing tasks.
* **Test anxiety:** Practice relaxation techniques like deep breathing or meditation.  Talk to a counselor or advisor if anxiety is severe.
* **Learning disabilities:**  If you have a learning disability, make sure to utilize any accommodations that are available to you.


Remember, consistent effort and effective study strategies are key to exam success.  Don''t be afraid to experiment with different techniques to find what works best for you. Good luck!
', '"{\"user_message_id\":50,\"started_at\":\"2025-08-10T11:59:44.432857Z\",\"message_id\":51,\"completed_at\":\"2025-08-10T12:00:26.412151Z\",\"final_content_length\":3763}"', '2025-08-10 11:59:44', '2025-08-10 12:00:26', '2025-08-10 11:59:44', '2025-08-10 12:00:26');
INSERT INTO `streaming_sessions` (`id`, `chat_id`, `user_id`, `status`, `content_buffer`, `metadata`, `started_at`, `completed_at`, `created_at`, `updated_at`) VALUES ('bd4376ed-5b60-473e-968c-762f1ec76904', '20', '1', 'completed', 'I apologize, but I''m having trouble connecting to my AI service right now. Here''s a helpful response: Based on your message about ''list 5 nigerian stat'', I can help you with various topics. Please try again in a moment, or feel free to ask me anything else!', '"{\"user_message_id\":52,\"started_at\":\"2025-08-11T13:25:04.759548Z\",\"message_id\":53,\"completed_at\":\"2025-08-11T13:25:12.961665Z\",\"final_content_length\":257}"', '2025-08-11 13:25:04', '2025-08-11 13:25:12', '2025-08-11 13:25:04', '2025-08-11 13:25:12');
INSERT INTO `streaming_sessions` (`id`, `chat_id`, `user_id`, `status`, `content_buffer`, `metadata`, `started_at`, `completed_at`, `created_at`, `updated_at`) VALUES ('3a63fb3f-abed-47a0-b09b-2c2219d84a1c', '20', '1', 'completed', 'I apologize, but I''m having trouble connecting to my AI service right now. Here''s a helpful response: Based on your message about ''list 5 nigerian stat'', I can help you with various topics. Please try again in a moment, or feel free to ask me anything else!', '"{\"user_message_id\":54,\"started_at\":\"2025-08-11T13:25:20.960261Z\",\"message_id\":55,\"completed_at\":\"2025-08-11T13:25:28.821451Z\",\"final_content_length\":257}"', '2025-08-11 13:25:20', '2025-08-11 13:25:28', '2025-08-11 13:25:20', '2025-08-11 13:25:28');
INSERT INTO `streaming_sessions` (`id`, `chat_id`, `user_id`, `status`, `content_buffer`, `metadata`, `started_at`, `completed_at`, `created_at`, `updated_at`) VALUES ('034ed807-7c4f-4d15-8892-a3ada76c78c7', '20', '1', 'completed', 'I apologize, but I''m having trouble connecting to my AI service right now. Here''s a helpful response: Based on your message about ''Hi'', I can help you with various topics. Please try again in a moment, or feel free to ask me anything else!', '"{\"user_message_id\":56,\"started_at\":\"2025-08-11T13:25:34.659497Z\",\"message_id\":57,\"completed_at\":\"2025-08-11T13:25:41.094942Z\",\"final_content_length\":239}"', '2025-08-11 13:25:34', '2025-08-11 13:25:41', '2025-08-11 13:25:34', '2025-08-11 13:25:41');
INSERT INTO `streaming_sessions` (`id`, `chat_id`, `user_id`, `status`, `content_buffer`, `metadata`, `started_at`, `completed_at`, `created_at`, `updated_at`) VALUES ('e6739630-20df-4f22-bafc-9a8c435c462c', '20', '1', 'completed', 'I apologize, but I''m having trouble connecting to my AI service right now. Here''s a helpful response: Based on your message about ''Hi'', I can help you with various topics. Please try again in a moment, or feel free to ask me anything else!', '"{\"user_message_id\":58,\"started_at\":\"2025-08-11T13:26:01.303340Z\",\"message_id\":59,\"completed_at\":\"2025-08-11T13:26:07.359085Z\",\"final_content_length\":239}"', '2025-08-11 13:26:01', '2025-08-11 13:26:07', '2025-08-11 13:26:01', '2025-08-11 13:26:07');
INSERT INTO `streaming_sessions` (`id`, `chat_id`, `user_id`, `status`, `content_buffer`, `metadata`, `started_at`, `completed_at`, `created_at`, `updated_at`) VALUES ('f4ccf80d-e2a0-46b2-8c6d-f3a43ffcdb7e', '21', '1', 'completed', 'Hi there! How can I help you today?
', '"{\"user_message_id\":60,\"started_at\":\"2025-08-11T13:34:11.683010Z\",\"message_id\":61,\"completed_at\":\"2025-08-11T13:34:13.457446Z\",\"final_content_length\":36}"', '2025-08-11 13:34:11', '2025-08-11 13:34:13', '2025-08-11 13:34:11', '2025-08-11 13:34:13');
INSERT INTO `streaming_sessions` (`id`, `chat_id`, `user_id`, `status`, `content_buffer`, `metadata`, `started_at`, `completed_at`, `created_at`, `updated_at`) VALUES ('477c49d5-646f-4d40-b1f1-0b686db3965b', '21', '1', 'completed', 'Nigeria has 36 states.  Here are 5 of them:

1. Lagos
2. Kano
3. Kaduna
4. Oyo
5. Rivers
', '"{\"user_message_id\":62,\"started_at\":\"2025-08-11T13:34:20.905242Z\",\"message_id\":63,\"completed_at\":\"2025-08-11T13:34:22.851947Z\",\"final_content_length\":89}"', '2025-08-11 13:34:20', '2025-08-11 13:34:22', '2025-08-11 13:34:20', '2025-08-11 13:34:22');
INSERT INTO `streaming_sessions` (`id`, `chat_id`, `user_id`, `status`, `content_buffer`, `metadata`, `started_at`, `completed_at`, `created_at`, `updated_at`) VALUES ('86056687-40ae-4b87-afc7-b9e6d480060c', '21', '1', 'completed', '1.  Delta
2.  Abuja (While technically a Federal Capital Territory, it functions similarly to a state)
', '"{\"user_message_id\":64,\"started_at\":\"2025-08-11T13:37:55.126773Z\",\"message_id\":65,\"completed_at\":\"2025-08-11T13:37:57.211116Z\",\"final_content_length\":103}"', '2025-08-11 13:37:55', '2025-08-11 13:37:57', '2025-08-11 13:37:55', '2025-08-11 13:37:57');

CREATE TABLE "messages" ("id" integer primary key autoincrement not null, "chat_id" integer not null, "role" varchar not null, "content" text not null, "metadata" text, "created_at" datetime, "updated_at" datetime, "streaming_session_id" varchar, "is_streaming" tinyint(1) not null default '0', "stream_completed_at" datetime, foreign key("chat_id") references chats("id") on delete cascade on update no action, foreign key("streaming_session_id") references "streaming_sessions"("id") on delete set null);

INSERT INTO `messages` (`id`, `chat_id`, `role`, `content`, `metadata`, `created_at`, `updated_at`, `streaming_session_id`, `is_streaming`, `stream_completed_at`) VALUES ('1', '1', 'user', 'How to prepare civil exam', NULL, '2025-08-09 15:45:27', '2025-08-09 15:45:27', NULL, '0', NULL);
INSERT INTO `messages` (`id`, `chat_id`, `role`, `content`, `metadata`, `created_at`, `updated_at`, `streaming_session_id`, `is_streaming`, `stream_completed_at`) VALUES ('2', '1', 'assistant', 'Preparing for a civil service exam requires a multifaceted approach.  Focus on these key areas:

* **Understand the exam:**  Know the specific test format, subjects covered, and scoring.
* **Study materials:** Gather relevant textbooks, practice tests, and study guides.
* **Create a study plan:**  Allocate sufficient time for each subject, incorporating regular review.
* **Practice consistently:** Use practice tests to identify weaknesses and track progress.
* **Manage stress:**  Prioritize self-care to maintain focus and energy.

Good luck!
', '{"model":"gemini-1.5-flash","provider":"gemini","usage":{"prompt_tokens":23,"completion_tokens":114,"total_tokens":137}}', '2025-08-09 15:45:30', '2025-08-09 15:45:30', NULL, '0', NULL);
INSERT INTO `messages` (`id`, `chat_id`, `role`, `content`, `metadata`, `created_at`, `updated_at`, `streaming_session_id`, `is_streaming`, `stream_completed_at`) VALUES ('3', '1', 'assistant', 'This is a streamed message', NULL, '2025-08-09 16:04:41', '2025-08-09 16:04:41', '01988f93-c00f-7309-b810-9f8b9cc8af65', '0', '2025-08-09 16:04:41');
INSERT INTO `messages` (`id`, `chat_id`, `role`, `content`, `metadata`, `created_at`, `updated_at`, `streaming_session_id`, `is_streaming`, `stream_completed_at`) VALUES ('4', '1', 'user', 'hi', NULL, '2025-08-09 16:09:05', '2025-08-09 16:09:05', NULL, '0', NULL);
INSERT INTO `messages` (`id`, `chat_id`, `role`, `content`, `metadata`, `created_at`, `updated_at`, `streaming_session_id`, `is_streaming`, `stream_completed_at`) VALUES ('5', '1', 'assistant', 'To prepare for a civil service exam, you need a structured approach.  First, **understand the specific exam''s requirements**.  Then, **gather relevant study materials** (textbooks, practice tests).  Next, **develop a study plan**, allocating sufficient time to each topic.  **Consistent practice** using past exams is crucial.  Finally, **manage stress** through proper rest and self-care.
', '{"model":"gemini-1.5-flash","provider":"gemini","usage":{"prompt_tokens":143,"completion_tokens":85,"total_tokens":228}}', '2025-08-09 16:09:07', '2025-08-09 16:09:07', NULL, '0', NULL);
INSERT INTO `messages` (`id`, `chat_id`, `role`, `content`, `metadata`, `created_at`, `updated_at`, `streaming_session_id`, `is_streaming`, `stream_completed_at`) VALUES ('6', '2', 'user', 'how to prepare exam', NULL, '2025-08-10 08:22:08', '2025-08-10 08:22:08', NULL, '0', NULL);
INSERT INTO `messages` (`id`, `chat_id`, `role`, `content`, `metadata`, `created_at`, `updated_at`, `streaming_session_id`, `is_streaming`, `stream_completed_at`) VALUES ('7', '2', 'assistant', '', NULL, '2025-08-10 08:22:15', '2025-08-10 08:22:15', '594c3344-25a1-4778-a59c-355a96206a43', '0', '2025-08-10 08:22:15');
INSERT INTO `messages` (`id`, `chat_id`, `role`, `content`, `metadata`, `created_at`, `updated_at`, `streaming_session_id`, `is_streaming`, `stream_completed_at`) VALUES ('8', '2', 'user', 'test', NULL, '2025-08-10 08:22:57', '2025-08-10 08:22:57', NULL, '0', NULL);
INSERT INTO `messages` (`id`, `chat_id`, `role`, `content`, `metadata`, `created_at`, `updated_at`, `streaming_session_id`, `is_streaming`, `stream_completed_at`) VALUES ('9', '2', 'assistant', '', NULL, '2025-08-10 08:22:59', '2025-08-10 08:22:59', 'd583d508-e807-4222-bba4-7bf4ce163a96', '0', '2025-08-10 08:22:59');
INSERT INTO `messages` (`id`, `chat_id`, `role`, `content`, `metadata`, `created_at`, `updated_at`, `streaming_session_id`, `is_streaming`, `stream_completed_at`) VALUES ('14', '5', 'user', 'How to prepare exam', NULL, '2025-08-10 08:28:18', '2025-08-10 08:28:18', NULL, '0', NULL);
INSERT INTO `messages` (`id`, `chat_id`, `role`, `content`, `metadata`, `created_at`, `updated_at`, `streaming_session_id`, `is_streaming`, `stream_completed_at`) VALUES ('15', '5', 'assistant', '', NULL, '2025-08-10 08:28:25', '2025-08-10 08:28:25', 'e62378d7-bd4d-4e1a-ae8a-f4375027b4a8', '0', '2025-08-10 08:28:25');
INSERT INTO `messages` (`id`, `chat_id`, `role`, `content`, `metadata`, `created_at`, `updated_at`, `streaming_session_id`, `is_streaming`, `stream_completed_at`) VALUES ('16', '5', 'user', 'hi', NULL, '2025-08-10 08:29:02', '2025-08-10 08:29:02', NULL, '0', NULL);
INSERT INTO `messages` (`id`, `chat_id`, `role`, `content`, `metadata`, `created_at`, `updated_at`, `streaming_session_id`, `is_streaming`, `stream_completed_at`) VALUES ('17', '5', 'assistant', '', NULL, '2025-08-10 08:29:04', '2025-08-10 08:29:04', '53f8474f-7de3-42a5-a45b-8ca735d5a28b', '0', '2025-08-10 08:29:04');
INSERT INTO `messages` (`id`, `chat_id`, `role`, `content`, `metadata`, `created_at`, `updated_at`, `streaming_session_id`, `is_streaming`, `stream_completed_at`) VALUES ('18', '6', 'user', 'hi', NULL, '2025-08-10 08:33:20', '2025-08-10 08:33:20', NULL, '0', NULL);
INSERT INTO `messages` (`id`, `chat_id`, `role`, `content`, `metadata`, `created_at`, `updated_at`, `streaming_session_id`, `is_streaming`, `stream_completed_at`) VALUES ('19', '6', 'assistant', 'I apologize, but I''m having trouble connecting to my AI service right now. Here''s a helpful response: Based on your message about ''hi'', I can help you with various topics. Please try again in a moment, or feel free to ask me anything else!', NULL, '2025-08-10 08:33:28', '2025-08-10 08:33:28', 'e6e0017e-1847-4fe7-a244-604a31be5cd5', '0', '2025-08-10 08:33:28');
INSERT INTO `messages` (`id`, `chat_id`, `role`, `content`, `metadata`, `created_at`, `updated_at`, `streaming_session_id`, `is_streaming`, `stream_completed_at`) VALUES ('20', '6', 'user', 'How to start exam', NULL, '2025-08-10 08:33:39', '2025-08-10 08:33:39', NULL, '0', NULL);
INSERT INTO `messages` (`id`, `chat_id`, `role`, `content`, `metadata`, `created_at`, `updated_at`, `streaming_session_id`, `is_streaming`, `stream_completed_at`) VALUES ('21', '6', 'assistant', '', NULL, '2025-08-10 08:33:42', '2025-08-10 08:33:42', 'b73279e5-603c-4877-818a-5c415f3c8315', '0', '2025-08-10 08:33:42');
INSERT INTO `messages` (`id`, `chat_id`, `role`, `content`, `metadata`, `created_at`, `updated_at`, `streaming_session_id`, `is_streaming`, `stream_completed_at`) VALUES ('22', '6', 'user', 'hi', NULL, '2025-08-10 08:37:12', '2025-08-10 08:37:12', NULL, '0', NULL);
INSERT INTO `messages` (`id`, `chat_id`, `role`, `content`, `metadata`, `created_at`, `updated_at`, `streaming_session_id`, `is_streaming`, `stream_completed_at`) VALUES ('23', '6', 'assistant', '', NULL, '2025-08-10 08:37:14', '2025-08-10 08:37:14', 'ae75f201-dc88-48ed-860d-111eb97c14e3', '0', '2025-08-10 08:37:14');
INSERT INTO `messages` (`id`, `chat_id`, `role`, `content`, `metadata`, `created_at`, `updated_at`, `streaming_session_id`, `is_streaming`, `stream_completed_at`) VALUES ('24', '7', 'user', 'How to start exam', NULL, '2025-08-10 09:49:13', '2025-08-10 09:49:13', NULL, '0', NULL);
INSERT INTO `messages` (`id`, `chat_id`, `role`, `content`, `metadata`, `created_at`, `updated_at`, `streaming_session_id`, `is_streaming`, `stream_completed_at`) VALUES ('25', '7', 'assistant', '', NULL, '2025-08-10 09:49:17', '2025-08-10 09:49:17', '9c56dc8f-8212-4fe2-ab11-71e54fb9b3ad', '0', '2025-08-10 09:49:17');
INSERT INTO `messages` (`id`, `chat_id`, `role`, `content`, `metadata`, `created_at`, `updated_at`, `streaming_session_id`, `is_streaming`, `stream_completed_at`) VALUES ('26', '7', 'user', 'Hi', NULL, '2025-08-10 09:49:23', '2025-08-10 09:49:23', NULL, '0', NULL);
INSERT INTO `messages` (`id`, `chat_id`, `role`, `content`, `metadata`, `created_at`, `updated_at`, `streaming_session_id`, `is_streaming`, `stream_completed_at`) VALUES ('27', '7', 'assistant', '', NULL, '2025-08-10 09:49:24', '2025-08-10 09:49:24', 'a8b8f9fd-cff1-4ab4-b056-541ab2ac59ab', '0', '2025-08-10 09:49:24');
INSERT INTO `messages` (`id`, `chat_id`, `role`, `content`, `metadata`, `created_at`, `updated_at`, `streaming_session_id`, `is_streaming`, `stream_completed_at`) VALUES ('28', '8', 'user', 'hi', NULL, '2025-08-10 09:57:55', '2025-08-10 09:57:55', NULL, '0', NULL);
INSERT INTO `messages` (`id`, `chat_id`, `role`, `content`, `metadata`, `created_at`, `updated_at`, `streaming_session_id`, `is_streaming`, `stream_completed_at`) VALUES ('29', '8', 'assistant', '', NULL, '2025-08-10 09:57:59', '2025-08-10 09:57:59', '163b23a9-e8f6-40d0-857e-b078225da6c4', '0', '2025-08-10 09:57:59');
INSERT INTO `messages` (`id`, `chat_id`, `role`, `content`, `metadata`, `created_at`, `updated_at`, `streaming_session_id`, `is_streaming`, `stream_completed_at`) VALUES ('30', '9', 'user', 'hi', NULL, '2025-08-10 10:00:59', '2025-08-10 10:00:59', NULL, '0', NULL);
INSERT INTO `messages` (`id`, `chat_id`, `role`, `content`, `metadata`, `created_at`, `updated_at`, `streaming_session_id`, `is_streaming`, `stream_completed_at`) VALUES ('31', '9', 'assistant', '', NULL, '2025-08-10 10:01:01', '2025-08-10 10:01:01', 'd0b8ce2e-ceef-4e09-bafc-3f3bf5f8d39e', '0', '2025-08-10 10:01:01');
INSERT INTO `messages` (`id`, `chat_id`, `role`, `content`, `metadata`, `created_at`, `updated_at`, `streaming_session_id`, `is_streaming`, `stream_completed_at`) VALUES ('32', '10', 'user', 'how answer', NULL, '2025-08-10 10:01:18', '2025-08-10 10:01:18', NULL, '0', NULL);
INSERT INTO `messages` (`id`, `chat_id`, `role`, `content`, `metadata`, `created_at`, `updated_at`, `streaming_session_id`, `is_streaming`, `stream_completed_at`) VALUES ('33', '10', 'assistant', '', NULL, '2025-08-10 10:01:19', '2025-08-10 10:01:19', 'e79b4b7e-9cae-45fe-8210-9742833f764d', '0', '2025-08-10 10:01:19');
INSERT INTO `messages` (`id`, `chat_id`, `role`, `content`, `metadata`, `created_at`, `updated_at`, `streaming_session_id`, `is_streaming`, `stream_completed_at`) VALUES ('40', '12', 'user', 'How to start examp', NULL, '2025-08-10 10:31:28', '2025-08-10 10:31:28', NULL, '0', NULL);
INSERT INTO `messages` (`id`, `chat_id`, `role`, `content`, `metadata`, `created_at`, `updated_at`, `streaming_session_id`, `is_streaming`, `stream_completed_at`) VALUES ('41', '12', 'assistant', 'I apologize, but I''m having trouble connecting to my AI service right now. Here''s a helpful response: Based on your message about ''How to start examp'', I can help you with various topics. Please try again in a moment, or feel free to ask me anything else!', NULL, '2025-08-10 10:31:38', '2025-08-10 10:31:38', 'bd83189f-b294-4f54-8134-211f46a707b2', '0', '2025-08-10 10:31:38');
INSERT INTO `messages` (`id`, `chat_id`, `role`, `content`, `metadata`, `created_at`, `updated_at`, `streaming_session_id`, `is_streaming`, `stream_completed_at`) VALUES ('42', '13', 'user', 'hi', NULL, '2025-08-10 10:33:54', '2025-08-10 10:33:54', NULL, '0', NULL);
INSERT INTO `messages` (`id`, `chat_id`, `role`, `content`, `metadata`, `created_at`, `updated_at`, `streaming_session_id`, `is_streaming`, `stream_completed_at`) VALUES ('43', '13', 'assistant', 'Hi there! How can I help you today?
', NULL, '2025-08-10 10:33:56', '2025-08-10 10:33:56', '23a904df-a60f-4bef-bc0d-200ee129da37', '0', '2025-08-10 10:33:56');
INSERT INTO `messages` (`id`, `chat_id`, `role`, `content`, `metadata`, `created_at`, `updated_at`, `streaming_session_id`, `is_streaming`, `stream_completed_at`) VALUES ('44', '13', 'user', 'How to start exam', NULL, '2025-08-10 10:34:04', '2025-08-10 10:34:04', NULL, '0', NULL);
INSERT INTO `messages` (`id`, `chat_id`, `role`, `content`, `metadata`, `created_at`, `updated_at`, `streaming_session_id`, `is_streaming`, `stream_completed_at`) VALUES ('45', '13', 'assistant', 'That depends entirely on the type of exam and the instructions given.  There''s no single answer.  However, here''s a breakdown of how to approach starting an exam effectively:

**Before the Exam Begins:**

* **Read the instructions carefully:** This is the most crucial step. Pay close attention to timing, point values, required materials, and any special instructions.  Don''t start until you fully understand what''s expected.
* **Gather your materials:** Make sure you have pens, pencils, erasers, calculator (if allowed), and any other necessary materials.
* **Plan your time:**  If you know the time allotted and the number of questions/sections, roughly estimate how much time you can spend on each.
* **Take a deep breath and relax:**  Anxiety can hinder performance.  Try some deep breathing exercises to calm your nerves.

**Starting the Exam:**

* **Preview the exam:** Quickly skim through the entire exam to get an overview of the questions and their difficulty. This helps you prioritize and allocate your time effectively.
* **Start with what you know best:** Build confidence by answering the easiest questions first. This also helps you manage time effectively.
* **Read each question thoroughly:** Don''t rush; make sure you understand what''s being asked before attempting to answer.
* **Show your work (if applicable):** Even if the answer is incorrect, showing your work can earn partial credit.
* **Manage your time:** Keep an eye on the clock and stay on schedule.  If you''re spending too much time on one question, move on and come back to it later if time permits.
* **Answer all questions:**  Even if you don''t know the answer, make an educated guess.  There''s often no penalty for incorrect answers on multiple-choice exams.  For essay questions, write something relevant, even if it''s incomplete.

**After the Exam:**

* **Review your answers (if time allows):** Check for any careless mistakes.
* **Hand in your exam:** Make sure you''ve answered all questions and followed all instructions before submitting.

Remember, preparation is key!  If you''ve studied effectively, you''ll be better equipped to handle the exam. Good luck!
', NULL, '2025-08-10 10:34:30', '2025-08-10 10:34:30', '35e9f617-45e6-4fc7-88f9-616b4dc77d93', '0', '2025-08-10 10:34:30');
INSERT INTO `messages` (`id`, `chat_id`, `role`, `content`, `metadata`, `created_at`, `updated_at`, `streaming_session_id`, `is_streaming`, `stream_completed_at`) VALUES ('46', '14', 'user', 'hi', NULL, '2025-08-10 10:40:50', '2025-08-10 10:40:50', NULL, '0', NULL);
INSERT INTO `messages` (`id`, `chat_id`, `role`, `content`, `metadata`, `created_at`, `updated_at`, `streaming_session_id`, `is_streaming`, `stream_completed_at`) VALUES ('47', '14', 'assistant', 'I apologize, but I''m having trouble connecting to my AI service right now. Here''s a helpful response: Based on your message about ''hi'', I can help you with various topics. Please try again in a moment, or feel free to ask me anything else!', NULL, '2025-08-10 10:41:03', '2025-08-10 10:41:03', 'd49dbe7d-6a13-477a-b11d-0bb893057ab7', '0', '2025-08-10 10:41:03');
INSERT INTO `messages` (`id`, `chat_id`, `role`, `content`, `metadata`, `created_at`, `updated_at`, `streaming_session_id`, `is_streaming`, `stream_completed_at`) VALUES ('48', '15', 'user', 'HI', NULL, '2025-08-10 11:06:53', '2025-08-10 11:06:53', NULL, '0', NULL);
INSERT INTO `messages` (`id`, `chat_id`, `role`, `content`, `metadata`, `created_at`, `updated_at`, `streaming_session_id`, `is_streaming`, `stream_completed_at`) VALUES ('49', '15', 'assistant', 'Hi there! How can I help you today?
', NULL, '2025-08-10 11:06:55', '2025-08-10 11:06:55', '0c0a0a16-a012-4c5f-b754-26f1febd9295', '0', '2025-08-10 11:06:55');
INSERT INTO `messages` (`id`, `chat_id`, `role`, `content`, `metadata`, `created_at`, `updated_at`, `streaming_session_id`, `is_streaming`, `stream_completed_at`) VALUES ('50', '18', 'user', 'How to prepare exam', NULL, '2025-08-10 11:59:44', '2025-08-10 11:59:44', NULL, '0', NULL);
INSERT INTO `messages` (`id`, `chat_id`, `role`, `content`, `metadata`, `created_at`, `updated_at`, `streaming_session_id`, `is_streaming`, `stream_completed_at`) VALUES ('51', '18', 'assistant', 'Preparing for an exam effectively involves a multi-faceted approach. Here''s a breakdown of how to prepare, encompassing different aspects and learning styles:

**I. Understanding the Exam:**

* **Know the format:**  Is it multiple choice, essay, problem-solving, oral, or a combination?  This dictates your study strategy.  Multiple-choice exams require rote memorization and understanding of concepts, while essays demand deeper understanding and analytical skills.
* **Know the content:**  Review the syllabus, lecture notes, assigned readings, and any study guides provided. Identify key topics and concepts that will be covered.  Pay close attention to any weighting given to different topics.
* **Past papers (if available):**  Practicing with past exams is invaluable. It familiarizes you with the question style, difficulty level, and time constraints.  Analyze your mistakes to pinpoint areas needing more attention.

**II. Creating a Study Plan:**

* **Timeline:** Create a realistic study schedule, breaking down the material into manageable chunks. Don''t cram!  Start early and spread your studying over several days or weeks.
* **Prioritize:** Focus on the most important topics first – those with the highest weighting or those you find most challenging.
* **Set realistic goals:**  Don''t try to do too much in one sitting.  Take regular breaks to avoid burnout.  The Pomodoro Technique (25 minutes of study followed by a 5-minute break) can be effective.
* **Active recall:**  Instead of passively rereading notes, actively test yourself. Use flashcards, practice questions, or teach the material to someone else.

**III. Effective Study Techniques:**

* **Note-taking:**  Develop a consistent note-taking system.  Use abbreviations, symbols, and visual aids to make your notes concise and easy to review.
* **Summarization:**  After each study session, summarize the key concepts in your own words. This forces you to actively process the information.
* **Spaced repetition:** Review material at increasing intervals. This strengthens memory retention.  Apps like Anki can help with this.
* **Different learning styles:**  Consider your learning style (visual, auditory, kinesthetic). Use methods that work best for you.  Visual learners might benefit from diagrams and mind maps, while auditory learners might prefer recording themselves reading notes.
* **Practice problems:**  For math or science exams, solving practice problems is crucial.  This helps identify areas where you need more practice.
* **Form study groups:**  Discussing concepts with others can help clarify misunderstandings and reinforce learning.

**IV. Exam Day Preparation:**

* **Get enough sleep:**  A well-rested mind performs better.
* **Eat a nutritious meal:**  Avoid sugary foods that can lead to an energy crash.
* **Bring necessary materials:**  Pens, pencils, calculator (if allowed), ID, etc.
* **Read instructions carefully:**  Understand the requirements of each question before you begin.
* **Manage your time:**  Allocate time for each section of the exam based on its weighting.
* **Stay calm:**  Take deep breaths if you feel overwhelmed.


**V.  Addressing Specific Challenges:**

* **Procrastination:** Break down tasks into smaller, less daunting steps.  Reward yourself for completing tasks.
* **Test anxiety:** Practice relaxation techniques like deep breathing or meditation.  Talk to a counselor or advisor if anxiety is severe.
* **Learning disabilities:**  If you have a learning disability, make sure to utilize any accommodations that are available to you.


Remember, consistent effort and effective study strategies are key to exam success.  Don''t be afraid to experiment with different techniques to find what works best for you. Good luck!
', NULL, '2025-08-10 12:00:26', '2025-08-10 12:00:26', 'b0feb3da-b83b-4f65-b562-69ed8d0644e5', '0', '2025-08-10 12:00:26');
INSERT INTO `messages` (`id`, `chat_id`, `role`, `content`, `metadata`, `created_at`, `updated_at`, `streaming_session_id`, `is_streaming`, `stream_completed_at`) VALUES ('52', '20', 'user', 'list 5 nigerian stat', NULL, '2025-08-11 13:25:04', '2025-08-11 13:25:04', NULL, '0', NULL);
INSERT INTO `messages` (`id`, `chat_id`, `role`, `content`, `metadata`, `created_at`, `updated_at`, `streaming_session_id`, `is_streaming`, `stream_completed_at`) VALUES ('53', '20', 'assistant', 'I apologize, but I''m having trouble connecting to my AI service right now. Here''s a helpful response: Based on your message about ''list 5 nigerian stat'', I can help you with various topics. Please try again in a moment, or feel free to ask me anything else!', NULL, '2025-08-11 13:25:12', '2025-08-11 13:25:12', 'bd4376ed-5b60-473e-968c-762f1ec76904', '0', '2025-08-11 13:25:12');
INSERT INTO `messages` (`id`, `chat_id`, `role`, `content`, `metadata`, `created_at`, `updated_at`, `streaming_session_id`, `is_streaming`, `stream_completed_at`) VALUES ('54', '20', 'user', 'list 5 nigerian stat', NULL, '2025-08-11 13:25:20', '2025-08-11 13:25:20', NULL, '0', NULL);
INSERT INTO `messages` (`id`, `chat_id`, `role`, `content`, `metadata`, `created_at`, `updated_at`, `streaming_session_id`, `is_streaming`, `stream_completed_at`) VALUES ('55', '20', 'assistant', 'I apologize, but I''m having trouble connecting to my AI service right now. Here''s a helpful response: Based on your message about ''list 5 nigerian stat'', I can help you with various topics. Please try again in a moment, or feel free to ask me anything else!', NULL, '2025-08-11 13:25:28', '2025-08-11 13:25:28', '3a63fb3f-abed-47a0-b09b-2c2219d84a1c', '0', '2025-08-11 13:25:28');
INSERT INTO `messages` (`id`, `chat_id`, `role`, `content`, `metadata`, `created_at`, `updated_at`, `streaming_session_id`, `is_streaming`, `stream_completed_at`) VALUES ('56', '20', 'user', 'Hi', NULL, '2025-08-11 13:25:34', '2025-08-11 13:25:34', NULL, '0', NULL);
INSERT INTO `messages` (`id`, `chat_id`, `role`, `content`, `metadata`, `created_at`, `updated_at`, `streaming_session_id`, `is_streaming`, `stream_completed_at`) VALUES ('57', '20', 'assistant', 'I apologize, but I''m having trouble connecting to my AI service right now. Here''s a helpful response: Based on your message about ''Hi'', I can help you with various topics. Please try again in a moment, or feel free to ask me anything else!', NULL, '2025-08-11 13:25:41', '2025-08-11 13:25:41', '034ed807-7c4f-4d15-8892-a3ada76c78c7', '0', '2025-08-11 13:25:41');
INSERT INTO `messages` (`id`, `chat_id`, `role`, `content`, `metadata`, `created_at`, `updated_at`, `streaming_session_id`, `is_streaming`, `stream_completed_at`) VALUES ('58', '20', 'user', 'Hi', NULL, '2025-08-11 13:26:01', '2025-08-11 13:26:01', NULL, '0', NULL);
INSERT INTO `messages` (`id`, `chat_id`, `role`, `content`, `metadata`, `created_at`, `updated_at`, `streaming_session_id`, `is_streaming`, `stream_completed_at`) VALUES ('59', '20', 'assistant', 'I apologize, but I''m having trouble connecting to my AI service right now. Here''s a helpful response: Based on your message about ''Hi'', I can help you with various topics. Please try again in a moment, or feel free to ask me anything else!', NULL, '2025-08-11 13:26:07', '2025-08-11 13:26:07', 'e6739630-20df-4f22-bafc-9a8c435c462c', '0', '2025-08-11 13:26:07');
INSERT INTO `messages` (`id`, `chat_id`, `role`, `content`, `metadata`, `created_at`, `updated_at`, `streaming_session_id`, `is_streaming`, `stream_completed_at`) VALUES ('60', '21', 'user', 'hi', NULL, '2025-08-11 13:34:11', '2025-08-11 13:34:11', NULL, '0', NULL);
INSERT INTO `messages` (`id`, `chat_id`, `role`, `content`, `metadata`, `created_at`, `updated_at`, `streaming_session_id`, `is_streaming`, `stream_completed_at`) VALUES ('61', '21', 'assistant', 'Hi there! How can I help you today?
', NULL, '2025-08-11 13:34:13', '2025-08-11 13:34:13', 'f4ccf80d-e2a0-46b2-8c6d-f3a43ffcdb7e', '0', '2025-08-11 13:34:13');
INSERT INTO `messages` (`id`, `chat_id`, `role`, `content`, `metadata`, `created_at`, `updated_at`, `streaming_session_id`, `is_streaming`, `stream_completed_at`) VALUES ('62', '21', 'user', 'list of 5 state in nigeria', NULL, '2025-08-11 13:34:20', '2025-08-11 13:34:20', NULL, '0', NULL);
INSERT INTO `messages` (`id`, `chat_id`, `role`, `content`, `metadata`, `created_at`, `updated_at`, `streaming_session_id`, `is_streaming`, `stream_completed_at`) VALUES ('63', '21', 'assistant', 'Nigeria has 36 states.  Here are 5 of them:

1. Lagos
2. Kano
3. Kaduna
4. Oyo
5. Rivers
', NULL, '2025-08-11 13:34:22', '2025-08-11 13:34:22', '477c49d5-646f-4d40-b1f1-0b686db3965b', '0', '2025-08-11 13:34:22');
INSERT INTO `messages` (`id`, `chat_id`, `role`, `content`, `metadata`, `created_at`, `updated_at`, `streaming_session_id`, `is_streaming`, `stream_completed_at`) VALUES ('64', '21', 'user', 'give another 2', NULL, '2025-08-11 13:37:55', '2025-08-11 13:37:55', NULL, '0', NULL);
INSERT INTO `messages` (`id`, `chat_id`, `role`, `content`, `metadata`, `created_at`, `updated_at`, `streaming_session_id`, `is_streaming`, `stream_completed_at`) VALUES ('65', '21', 'assistant', '1.  Delta
2.  Abuja (While technically a Federal Capital Territory, it functions similarly to a state)
', NULL, '2025-08-11 13:37:57', '2025-08-11 13:37:57', '86056687-40ae-4b87-afc7-b9e6d480060c', '0', '2025-08-11 13:37:57');

